walk,woods,
walk,woods,
mt,mckinley,
ebony,sunset,
winter,mist,
quiet,stream,
winter,moon,
autumn,mountains,
peaceful,valley,
seascape,
mountain,lake,
winter,glow,
snowfall,
final,reflections,
meadow,lake,
winter,sun,
ebony,sea,
shades,grey,
autumn,splendor,
black,river,
brown,mountain,
reflections,
black,white,seascape,
lazy,river,
black,waterfall,
mountain,waterfall,
final,grace,
mountain,retreat,
blue,moon,
bubbling,stream,
winter,night,
distant,hills,
covered,bridge,
quiet,inlet,
night,light,
old,mill,
campfire,
rustic,barn,
hidden,lake,
peaceful,waters,
purple,splendor,
tranquil,valley,
majestic,mountains,
winter,sawscape,
evening,seascape,
warm,summer,day,
cabin,woods,
wetlands,
cool,waters,
quiet,woods,
northwest,majesty,
autumn,days,
mountain,challenge,
mountain,waterfall,
twilight,meadow,
mountain,blossoms,
winter,stillness,
quiet,pond,
ocean,sunrise,
bubbling,brook,
arizona,splendor,
anatomy,wave,
windmill,
autumn,glory,
indian,girl,
meadow,stream,
blue,river,
nature's,edge,
morning,mist,
whispering,stream,
secluded,forest,
snow,trail,
arctic,beauty,
horizons,west,
high,chateau,
country,life,
western,expanse,
marshlands,
blaze,color,
winter,cabin,
secluded,lake,
evergreens,sunset,
mountain,cabin,
portrait,sally,
misty,waterfall,
barn,sunset,
mountain,splendor,
lake,mountain,
mountain,glory,
grey,winter,
dock,scene,
dark,waterfall,
misty,rolling,hills,
lakeside,cabin,
warm,winter,day,
waterside,way,
hunter's,haven,
bubbling,mountain,brook,
winter,hideaway,
foot,mountain,
majestic,pine,
cactus,sunset,
mountain,range,
lonely,retreat,
northern,lights,
winter,evergreens,
surf's,
red,sunset,
meadow,road,
winter,oval,
secluded,beach,
forest,hills,
little,house,road,
mountain,path,
country,charm,
nature's,paradise,
mountain,sea,
mountain,hide,away,
towering,peaks,
cabin,sunset,
twin,falls,
secluded,bridge,
ocean,breeze,
autumn,woods,
winter,solitude,
golden,sunset,
mountain,oval,
ocean,sunset,
triple,view,
winter,frost,
lakeside,cabin,
mountain,stream,
country,cabin,
daisy,delight,
hidden,stream,
towering,glacier,
oval,barn,
lakeside,path,
sunset,oval,
winter,barn,
sunset,waves,
golden,glow,
roadside,barn,
happy,accident,
golden,knoll,
mountain,reflections,
secluded,mountain,
bright,autumn,trees,
black,seascape,
steep,mountains,
quiet,mountain,river,
evening,waterfall,
tropical,seascape,
mountain,sunset,
soft,mountain,glow,
mountain,oval,
winter,mountain,
rolling,hills,
frozen,solitude,
meadow,brook,
evening,sunset,
mountain,view,
hidden,creek,
peaceful,haven,
mountain,exhibition,
emerald,waters,
mountain,summit,
cabin,hideaway,
oval,essence,
lost,lake,
distant,mountains,
meadow,brook,surprise,
mountain,moonlight,oval,
snowy,solitude,
mountain,river,
graceful,mountains,
windy,waves,
clear,day,
riverside,escape,oval,
surprising,falls,
shadow,pond,
misty,forest,oval,
natural,wonder,
splendor,winter,
colors,nature,
grandpa's,barn,
peaceful,reflections,
hidden,winter,moon,oval,
waves,wonder,
cabin,pond,
fall,stream,
christmas,eve,snow,
forest,dawn,oval,
pathway,autumn,
deep,forest,lake,
peaks,majesty,
two,seasons,
nestled,cabin,
wintertime,discovery,
mountain,mirage,
double,oval,fantasy,
contemplative,lady,
deep,woods,
high,tide,
barn,snow,oval,
time,year,
waterfall,wonder,
mighty,mountain,lake,
wooded,stream,oval,
golden,mist,oval,
old,home,place,
soothing,vista,
stormy,seas,
country,time,
mild,winter's,day,
spectacular,waterfall,
view,park,
lake,view,
old,country,mill,
morning,walk,
nature's,splendor,
mountain,beauty,
half,oval,vignette,
absolutely,autumn,
mountain,seclusion,
crimson,oval,
autumn,exhibition,
majestic,peaks,
golden,morning,mist,
winter,lace,
seascape,fantasy,
double,oval,stream,
enchanted,forest,
southwest,serenity,
rippling,waters,
snowfall,magic,
quiet,mountain,lake,
final,embers,sunlight,
snowy,morn,
camper's,haven,
waterfall,woods,
covered,bridge,oval,
scenic,seclusion,
ebb,tide,
rain,
winter's,elegance,
evening's,peace,
valley,tranquility,
mystic,mountain,
new,day's,dawn,
pastel,winter,
hazy,day,
divine,elegance,
cliffside,
autumn,fantasy,
old,oak,tree,
winter's,paradise,
days,gone,
change,seasons,
hidden,delight,
double,take,
valley,view,
tranquil,dawn,
royal,majesty,
serenity,
cabin,trail's,end,
mountain,rhapsody,
wilderness,cabin,
sea,
indian,summer,
blue,winter,
desert,glow,
lone,mountain,
florida's,glory,
autumn,images,
hint,springtime,
around,bend,
countryside,oval,
russet,winter,
purple,haze,
dimensions,
deep,wilderness,home,
haven,valley,
wintertime,blues,
pastel,seascape,
country,creek,
silent,forest,
frosty,winter,morn,
forest,edge,
mountain,ridge,lake,
reflections,gold,
quiet,cove,
river's,peace,
dawn's,light,
valley,waterfall,
toward,day's,end,
falls,glen,
frozen,beauty,vignette,
crimson,tide,
winter,bliss,
gray,mountain,
wayside,pond,
teton,winter,
little,home,meadow,
pretty,autumn,day,
mirrored,images,
back,country,
graceful,waterfall,
icy,lake,
rowboat,beach,
portrait,winter,
footbridge,
snowbound,cabin,
hide,way,cove,
enchanted,falls,oval,
quite,spring,
splashes,autumn,
summer,mountain,
oriental,falls,
autumn,palette,
cypress,swamp,
downstream,view,
just,storm,
fisherman's,paradise,
desert,hues,
property,line,
stillness,morning,
delightful,meadow,home,
first,snow,
lake,valley,
trace,spring,
arctic,winter,day,
snow,birch,
early,autumn,
tranquil,wooded,stream,
purple,mountain,range,
storm's,comin,
sunset,aglow,
evening,falls,
twilight,beauty,
angler's,haven,
rustic,winter,woods,
wilderness,falls,
winter,farm,
daisies,dawn,
spectacular,view,
daybreak,
island,paradise,
sunlight,shadows,
splendor,snowy,white,
forest,river,
golden,glow,morning,
fisherman's,trail,
warm,winter,
pastel,skies,
golden,rays,sunlight,
magic,fall,
glacier,lake,
old,weathered,barn,
deep,forest,falls,
winter's,grace,
splendor,autumn,
tranquil,seas,
mountain,serenity,
home,nightfall,
island,wilderness,
autumn,oval,
seasonal,progression,
light,summit,
countryside,barn,
mountain,lake,falls,
cypress,creek,
trapper's,cabin,
storm,horizon,
pot,o,posies,
perfect,winter's,day,
aurora's,dance,
woodman's,retreat,
babbling,brook,
woodgrain,view,
winter's,peace,
wilderness,trail,
copper,winter,
misty,foothills,
window,
home,valley,
mountains,grace,
seaside,harmony,
cold,spring,day,
evening's,glow,
blue,ridge,falls,
reflections,calm,
snowfall,
winding,stream,
tranquility,cove,
cabin,hollow,
view,clear,creek,
bridge,autumn,
trail's,end,
evergreen,valley,
balmy,beach,
lake,ridge,
midst,winter,
wilderness,day,
